played_at,track_id,track_name,duration_ms,popularity,explicit,album_id,album_name,album_release_date,artist_id,artist_name,load_date
2025-12-20 20:04:40.093000+00:00,1MpCaOeUWhox2Fgigbe1cL,I'M THAT GIRL,208014,66,True,6FJxoadUE4JNVwWHghBwnb,RENAISSANCE,2022-07-29,6vWDO969PvNqNYHIOW5v0m,Beyoncé,2025-12-21
2025-12-20 19:38:40.165000+00:00,7vpGKEUPrA4UEsS4o4W1tP,Amor de Que,157928,53,False,67rOBOMZsXiQwoPpZbnC8b,111,2020-03-24,6tzRZ39aZlNqlUzQlkuhDV,Pabllo Vittar,2025-12-21
2025-12-20 19:36:10.126000+00:00,7L9AtCgNka6hR5HQ0y0aR0,Lugar Perfeito,152078,54,False,1h9SJU080omTqqqDf68qc9,Ensaios Da Anitta,2024-12-06,7FNnA9vBm6EKceENgCGRMb,Anitta,2025-12-21
2025-12-20 19:33:40.044000+00:00,1WGmyxoPCfOrk7uT2z3Zuu,CAVALINHO,138591,63,False,28MLfO3QWZB7lKz73TDdvs,ASTRO,2024-09-04,5wbf52LA6kcaboHSN6NEF1,PEDRO SAMPAIO,2025-12-21
2025-12-20 19:31:10.582000+00:00,3jhyw60F61gc7nC4dblqtC,JETSKI,148645,0,True,4pjiSoP1rvrhDRsD1Hey6o,JETSKI,2025-12-18,5wbf52LA6kcaboHSN6NEF1,PEDRO SAMPAIO,2025-12-21
2025-12-20 19:28:12.721000+00:00,1V6gIVSrMEJCRyogBnIrNr,ENSAIO DAS MARAVILHAS,176000,63,False,0WySBFNRnQ1HeXUHckbpLw,ENSAIO DAS MARAVILHAS,2023-02-13,5wbf52LA6kcaboHSN6NEF1,PEDRO SAMPAIO,2025-12-21
2025-12-20 19:25:41.325000+00:00,3jhyw60F61gc7nC4dblqtC,JETSKI,148645,0,True,4pjiSoP1rvrhDRsD1Hey6o,JETSKI,2025-12-18,5wbf52LA6kcaboHSN6NEF1,PEDRO SAMPAIO,2025-12-21
2025-12-20 18:27:40.127000+00:00,2s4nhrlWTnmzSnGFH5pyAM,GOSTOSIN,129090,70,False,6EkCnMeO4zOURLKlTKbl39,Ensaios Da Anitta,2025-12-04,7FNnA9vBm6EKceENgCGRMb,Anitta,2025-12-21
2025-12-20 18:25:10.413000+00:00,0W6aXi2B0UlwY0sPckvrmT,Foguinho,82971,66,False,2lHhpY2cSNO1kjyReGEfrK,Rock Doido,2025-08-29,5kn7l4yaJxtNhj583LmL9L,Gaby Amarantos,2025-12-21
2025-12-20 18:24:10.157000+00:00,7hPSlGAChIcqAbBXFgbcdq,Penetra - Pedro Sampaio Remix,150824,48,False,4aj7OO4L022IGAz5zbQwJZ,AFTER,2023-07-27,6tzRZ39aZlNqlUzQlkuhDV,Pabllo Vittar,2025-12-21
2025-12-21 15:25:24.796000+00:00,1knrvScmRb6ZCPPsBzDHcy,1 Wish,167105,73,False,7KlrorqixG3qKh4nHmfoJt,1 Wish,2024-10-31,4npEfmQ6YuiwW1GpUmaq3F,Ava Max,2025-12-21
2025-12-21 15:15:19.473000+00:00,3bg2qahpZmsg5wV2EMPXIk,Forever Young,156923,74,False,5a450MS1eKGQQAsqgvsZ6J,Forever Young,2024-10-18,1Cs0zKBU1kc0i8ypK3B9ai,David Guetta,2025-12-21
2025-12-21 15:13:06.889000+00:00,28VbwtsYnj85UEODGpQRem,"Alone, Pt. II",179052,72,False,3KrkQ77DF9OUB0aOzKFYOF,World Of Walker,2021-11-26,7vk5e3vY1uw9plTHJAMwjN,Alan Walker,2025-12-21
2025-12-21 15:09:58.196000+00:00,28VbwtsYnj85UEODGpQRem,"Alone, Pt. II",179052,72,False,3KrkQ77DF9OUB0aOzKFYOF,World Of Walker,2021-11-26,7vk5e3vY1uw9plTHJAMwjN,Alan Walker,2025-12-21
2025-12-21 15:08:34.272000+00:00,2x0WlnmfG39ZuDmstl9xfX,End Game,244826,74,False,6DEjYFkNZh67HP7R9PSZvv,reputation,2017-11-10,06HL4z0CvFAxyc27GXpf02,Taylor Swift,2025-12-21
2025-12-21 14:58:33.265000+00:00,2yLa0QULdQr0qAIvVwN6B5,...Ready For It?,208186,79,False,6DEjYFkNZh67HP7R9PSZvv,reputation,2017-11-10,06HL4z0CvFAxyc27GXpf02,Taylor Swift,2025-12-21
2025-12-21 20:33:35.366000+00:00,0qEGLPc8UY9IkXl1oLCOWW,SEQUÊNCIA CUNT (feat. Clementaum),130153,60,True,6jYkoKqAMfFIififI6itSO,SEQUÊNCIA CUNT (feat. Clementaum),2025-11-17,5wbf52LA6kcaboHSN6NEF1,PEDRO SAMPAIO,2025-12-21
2025-12-21 20:31:10.430000+00:00,0qEGLPc8UY9IkXl1oLCOWW,SEQUÊNCIA CUNT (feat. Clementaum),130153,60,True,6jYkoKqAMfFIififI6itSO,SEQUÊNCIA CUNT (feat. Clementaum),2025-11-17,5wbf52LA6kcaboHSN6NEF1,PEDRO SAMPAIO,2025-12-21
2025-12-21 20:29:05.999000+00:00,0qEGLPc8UY9IkXl1oLCOWW,SEQUÊNCIA CUNT (feat. Clementaum),130153,60,True,6jYkoKqAMfFIififI6itSO,SEQUÊNCIA CUNT (feat. Clementaum),2025-11-17,5wbf52LA6kcaboHSN6NEF1,PEDRO SAMPAIO,2025-12-21
2025-12-21 20:28:40.954000+00:00,0mKGwFMHzTprtS2vpR3b6s,COZY,210372,65,True,6FJxoadUE4JNVwWHghBwnb,RENAISSANCE,2022-07-29,6vWDO969PvNqNYHIOW5v0m,Beyoncé,2025-12-21
2025-12-21 22:02:37.010000+00:00,0kqatfl1V116n4U2gKZQuV,Free,353360,64,False,22lrjYvBGWwOfZ535fJXlT,Free - The Strictly Collection,1997-03-31,1cK2Abwkni7m51wJCSGllN,Ultra Naté,2025-12-21
2025-12-21 21:57:01.890000+00:00,0kqatfl1V116n4U2gKZQuV,Free,353360,64,False,22lrjYvBGWwOfZ535fJXlT,Free - The Strictly Collection,1997-03-31,1cK2Abwkni7m51wJCSGllN,Ultra Naté,2025-12-21
2025-12-21 21:54:49.095000+00:00,46kspZSY3aKmwQe7O77fCC,we can't be friends (wait for your love),228639,80,False,71PfP4E9roOXAudea1aPGw,eternal sunshine,2024-03-08,66CXWjxzNUsdJxJ2JdwvnR,Ariana Grande,2025-12-21
2025-12-21 21:54:43.778000+00:00,46kspZSY3aKmwQe7O77fCC,we can't be friends (wait for your love),228639,80,False,71PfP4E9roOXAudea1aPGw,eternal sunshine,2024-03-08,66CXWjxzNUsdJxJ2JdwvnR,Ariana Grande,2025-12-21
2025-12-21 21:50:59.929000+00:00,1YRbAonLvmuUILvQso0gUM,twilight zone,198320,74,False,6cbwstHlsAIIWurIIXXBPd,eternal sunshine deluxe: brighter days ahead,2025-03-28,66CXWjxzNUsdJxJ2JdwvnR,Ariana Grande,2025-12-21
2025-12-21 20:47:00.676000+00:00,0W6aXi2B0UlwY0sPckvrmT,Foguinho,82971,66,False,2lHhpY2cSNO1kjyReGEfrK,Rock Doido,2025-08-29,5kn7l4yaJxtNhj583LmL9L,Gaby Amarantos,2025-12-21
2025-12-21 22:06:00.743000+00:00,0uqvSVhGgQTIdj9G51vhvv,Finally,245000,66,False,3REpPYjJhtaeJc4Mo1v4Ip,Finally,1992-01-01,5UoVLCWzOKMIJ9iioof9OD,CeCe Peniston,2025-12-21
2025-12-22 11:45:31.515000+00:00,0kqatfl1V116n4U2gKZQuV,Free,353360,64,False,22lrjYvBGWwOfZ535fJXlT,Free - The Strictly Collection,1997-03-31,1cK2Abwkni7m51wJCSGllN,Ultra Naté,2025-12-22
2025-12-22 12:36:16.333000+00:00,1Jle9gZeFa3QHNTXYLTMOV,The First Time Free - Claptone Remix,338019,55,False,3GQWpPNRTyYYofeB3cTy2U,The Masquerade mixed by Claptone Album Sampler,,1cK2Abwkni7m51wJCSGllN,Ultra Naté,2025-12-22
2025-12-22 12:20:48.110000+00:00,0j9Ryxdke2qduCd10nK5zh,"So in Love With You (Full Intention 7""Remix)",219160,59,False,06dg5gPC6biMKlLIWYGq80,"So in Love With You (Full Intention 7""Remix)",2024-09-30,5kARVtC2AG0DnhgrFBCbGR,Duke,2025-12-22
2025-12-22 12:18:29.265000+00:00,4t0UsYzmmmZRMTWn77jiGF,Show Me Love,252106,74,False,2xpjgSvZVYjzdlWxeAJFy8,Show Me Love,1993-06-15,2WvLeseDGPX1slhmxI59G3,Robin S,2025-12-22
2025-12-22 12:04:19.860000+00:00,5PPE2ntHCFTW2BeycuEsCK,At Night - Purple Disco Machine Remix,208544,59,False,1jpqoZ37FOt5LuKFLhJnC7,At Night (Purple Disco Machine Remix),2001-04-29,0vSfjPjAbekoehCpmy1RV1,Shakedown,2025-12-22
2025-12-22 12:02:37.177000+00:00,58XZDglLRsZClpg19mmqjz,Fade,175840,59,False,4muumtua1ZLd8v80zFBbzT,Fade,2001-01-01,0lpwsK5bX64iD7GjEda5De,Solu Music,2025-12-22
2025-12-22 12:01:29.626000+00:00,1OZ9eQn7mSVQaKCKEzx5n2,DANGEROUS (So Dare Me),177560,36,False,7aHwznZ9zCFXvpTthz2BqH,DANGEROUS (So Dare Me),2023-08-11,1cK2Abwkni7m51wJCSGllN,Ultra Naté,2025-12-22
2025-12-22 11:54:47.540000+00:00,1HEuUUZ0InMfBmHQs0q0Qb,Finally - TJK Remix,208320,46,False,3hAcoSLkLCjhjg6ryaQf9y,Finally (TJK Remix),2015-10-09,5UoVLCWzOKMIJ9iioof9OD,CeCe Peniston,2025-12-22
2025-12-22 11:51:17.088000+00:00,0kqatfl1V116n4U2gKZQuV,Free,353360,64,False,22lrjYvBGWwOfZ535fJXlT,Free - The Strictly Collection,1997-03-31,1cK2Abwkni7m51wJCSGllN,Ultra Naté,2025-12-22
2025-12-22 16:22:15.819000+00:00,1BKs3X4E6Oc0iM3BxnzyXQ,Menina,158060,56,False,1AhiTTbdGAym3xzYflP3fa,Menina,2025-12-18,6xlRSRMLgZbsSNd0BMobwy,DENNIS,2025-12-22
2025-12-22 14:30:35.853000+00:00,54u86CmMqGI1rRuULlTqaB,Toca o Trompete,163200,68,True,4Vy1Rn4htx3L0ojjaeePww,Cadê o After? Pt. 1,2023-07-21,3CIIaeZuFYrAD6PRVyuO4U,Felipe Amorim,2025-12-22
2025-12-22 14:25:05.862000+00:00,7s8NIgpeKV2lMsjdX4RBcE,Brincadeira Gostosa,127058,64,False,6EkCnMeO4zOURLKlTKbl39,Ensaios Da Anitta,2025-12-04,7FNnA9vBm6EKceENgCGRMb,Anitta,2025-12-22
2025-12-22 14:21:44.590000+00:00,3jhyw60F61gc7nC4dblqtC,JETSKI,148645,65,True,4pjiSoP1rvrhDRsD1Hey6o,JETSKI,2025-12-18,5wbf52LA6kcaboHSN6NEF1,PEDRO SAMPAIO,2025-12-22
2025-12-22 14:19:05.445000+00:00,3jhyw60F61gc7nC4dblqtC,JETSKI,148645,65,True,4pjiSoP1rvrhDRsD1Hey6o,JETSKI,2025-12-18,5wbf52LA6kcaboHSN6NEF1,PEDRO SAMPAIO,2025-12-22
2025-12-22 14:16:05.727000+00:00,2oQDaT4wdj041BVQXEfFch,The First Time Free - Claptone Remix Edit,226003,28,False,6O8vmVM7knwRuX5YolJTxs,The First Time Free (Claptone Remix Edit),2016-10-28,1cK2Abwkni7m51wJCSGllN,Ultra Naté,2025-12-22
2025-12-22 14:08:35.662000+00:00,7nmvwosdapB8Bro5uIM7n2,Show Me Love - Extended Mix,464266,54,False,2xpjgSvZVYjzdlWxeAJFy8,Show Me Love,1993-06-15,2WvLeseDGPX1slhmxI59G3,Robin S,2025-12-22
2025-12-22 14:00:46.952000+00:00,0kqatfl1V116n4U2gKZQuV,Free,353360,64,False,22lrjYvBGWwOfZ535fJXlT,Free - The Strictly Collection,1997-03-31,1cK2Abwkni7m51wJCSGllN,Ultra Naté,2025-12-22
2025-12-22 16:22:15.819000+00:00,1BKs3X4E6Oc0iM3BxnzyXQ,Menina,158060,56,False,1AhiTTbdGAym3xzYflP3fa,Menina,2025-12-18,6xlRSRMLgZbsSNd0BMobwy,DENNIS,2025-12-22
2025-12-22 14:30:35.853000+00:00,54u86CmMqGI1rRuULlTqaB,Toca o Trompete,163200,68,True,4Vy1Rn4htx3L0ojjaeePww,Cadê o After? Pt. 1,2023-07-21,3CIIaeZuFYrAD6PRVyuO4U,Felipe Amorim,2025-12-22
2025-12-22 14:25:05.862000+00:00,7s8NIgpeKV2lMsjdX4RBcE,Brincadeira Gostosa,127058,64,False,6EkCnMeO4zOURLKlTKbl39,Ensaios Da Anitta,2025-12-04,7FNnA9vBm6EKceENgCGRMb,Anitta,2025-12-22
2025-12-22 14:21:44.590000+00:00,3jhyw60F61gc7nC4dblqtC,JETSKI,148645,65,True,4pjiSoP1rvrhDRsD1Hey6o,JETSKI,2025-12-18,5wbf52LA6kcaboHSN6NEF1,PEDRO SAMPAIO,2025-12-22
2025-12-22 14:19:05.445000+00:00,3jhyw60F61gc7nC4dblqtC,JETSKI,148645,65,True,4pjiSoP1rvrhDRsD1Hey6o,JETSKI,2025-12-18,5wbf52LA6kcaboHSN6NEF1,PEDRO SAMPAIO,2025-12-22
2025-12-22 14:16:05.727000+00:00,2oQDaT4wdj041BVQXEfFch,The First Time Free - Claptone Remix Edit,226003,28,False,6O8vmVM7knwRuX5YolJTxs,The First Time Free (Claptone Remix Edit),2016-10-28,1cK2Abwkni7m51wJCSGllN,Ultra Naté,2025-12-22
2025-12-22 14:08:35.662000+00:00,7nmvwosdapB8Bro5uIM7n2,Show Me Love - Extended Mix,464266,54,False,2xpjgSvZVYjzdlWxeAJFy8,Show Me Love,1993-06-15,2WvLeseDGPX1slhmxI59G3,Robin S,2025-12-22
2025-12-22 14:00:46.952000+00:00,0kqatfl1V116n4U2gKZQuV,Free,353360,64,False,22lrjYvBGWwOfZ535fJXlT,Free - The Strictly Collection,1997-03-31,1cK2Abwkni7m51wJCSGllN,Ultra Naté,2025-12-22
2025-12-22 16:22:15.819000+00:00,1BKs3X4E6Oc0iM3BxnzyXQ,Menina,158060,56,False,1AhiTTbdGAym3xzYflP3fa,Menina,2025-12-18,6xlRSRMLgZbsSNd0BMobwy,DENNIS,2025-12-22
2025-12-22 14:30:35.853000+00:00,54u86CmMqGI1rRuULlTqaB,Toca o Trompete,163200,68,True,4Vy1Rn4htx3L0ojjaeePww,Cadê o After? Pt. 1,2023-07-21,3CIIaeZuFYrAD6PRVyuO4U,Felipe Amorim,2025-12-22
2025-12-22 14:25:05.862000+00:00,7s8NIgpeKV2lMsjdX4RBcE,Brincadeira Gostosa,127058,64,False,6EkCnMeO4zOURLKlTKbl39,Ensaios Da Anitta,2025-12-04,7FNnA9vBm6EKceENgCGRMb,Anitta,2025-12-22
2025-12-22 14:21:44.590000+00:00,3jhyw60F61gc7nC4dblqtC,JETSKI,148645,65,True,4pjiSoP1rvrhDRsD1Hey6o,JETSKI,2025-12-18,5wbf52LA6kcaboHSN6NEF1,PEDRO SAMPAIO,2025-12-22
2025-12-22 14:19:05.445000+00:00,3jhyw60F61gc7nC4dblqtC,JETSKI,148645,65,True,4pjiSoP1rvrhDRsD1Hey6o,JETSKI,2025-12-18,5wbf52LA6kcaboHSN6NEF1,PEDRO SAMPAIO,2025-12-22
2025-12-22 14:16:05.727000+00:00,2oQDaT4wdj041BVQXEfFch,The First Time Free - Claptone Remix Edit,226003,28,False,6O8vmVM7knwRuX5YolJTxs,The First Time Free (Claptone Remix Edit),2016-10-28,1cK2Abwkni7m51wJCSGllN,Ultra Naté,2025-12-22
2025-12-22 14:08:35.662000+00:00,7nmvwosdapB8Bro5uIM7n2,Show Me Love - Extended Mix,464266,54,False,2xpjgSvZVYjzdlWxeAJFy8,Show Me Love,1993-06-15,2WvLeseDGPX1slhmxI59G3,Robin S,2025-12-22
2025-12-22 14:00:46.952000+00:00,0kqatfl1V116n4U2gKZQuV,Free,353360,64,False,22lrjYvBGWwOfZ535fJXlT,Free - The Strictly Collection,1997-03-31,1cK2Abwkni7m51wJCSGllN,Ultra Naté,2025-12-22
2025-12-22 16:22:15.819000+00:00,1BKs3X4E6Oc0iM3BxnzyXQ,Menina,158060,56,False,1AhiTTbdGAym3xzYflP3fa,Menina,2025-12-18,6xlRSRMLgZbsSNd0BMobwy,DENNIS,2025-12-22
2025-12-22 14:30:35.853000+00:00,54u86CmMqGI1rRuULlTqaB,Toca o Trompete,163200,68,True,4Vy1Rn4htx3L0ojjaeePww,Cadê o After? Pt. 1,2023-07-21,3CIIaeZuFYrAD6PRVyuO4U,Felipe Amorim,2025-12-22
2025-12-22 14:25:05.862000+00:00,7s8NIgpeKV2lMsjdX4RBcE,Brincadeira Gostosa,127058,64,False,6EkCnMeO4zOURLKlTKbl39,Ensaios Da Anitta,2025-12-04,7FNnA9vBm6EKceENgCGRMb,Anitta,2025-12-22
2025-12-22 14:21:44.590000+00:00,3jhyw60F61gc7nC4dblqtC,JETSKI,148645,65,True,4pjiSoP1rvrhDRsD1Hey6o,JETSKI,2025-12-18,5wbf52LA6kcaboHSN6NEF1,PEDRO SAMPAIO,2025-12-22
2025-12-22 14:19:05.445000+00:00,3jhyw60F61gc7nC4dblqtC,JETSKI,148645,65,True,4pjiSoP1rvrhDRsD1Hey6o,JETSKI,2025-12-18,5wbf52LA6kcaboHSN6NEF1,PEDRO SAMPAIO,2025-12-22
2025-12-22 14:16:05.727000+00:00,2oQDaT4wdj041BVQXEfFch,The First Time Free - Claptone Remix Edit,226003,28,False,6O8vmVM7knwRuX5YolJTxs,The First Time Free (Claptone Remix Edit),2016-10-28,1cK2Abwkni7m51wJCSGllN,Ultra Naté,2025-12-22
2025-12-22 14:08:35.662000+00:00,7nmvwosdapB8Bro5uIM7n2,Show Me Love - Extended Mix,464266,54,False,2xpjgSvZVYjzdlWxeAJFy8,Show Me Love,1993-06-15,2WvLeseDGPX1slhmxI59G3,Robin S,2025-12-22
2025-12-22 14:00:46.952000+00:00,0kqatfl1V116n4U2gKZQuV,Free,353360,64,False,22lrjYvBGWwOfZ535fJXlT,Free - The Strictly Collection,1997-03-31,1cK2Abwkni7m51wJCSGllN,Ultra Naté,2025-12-22
2025-12-22 20:07:49.492000+00:00,15JINEqzVMv3SvJTAXAKED,Love The Way You Lie,263373,88,True,47BiFcV59TQi2s9SkBo2pb,Recovery,2010-06-18,7dGJo4pcD2V6oG8kP0tJRR,Eminem,2025-12-22
2025-12-22 20:03:25.712000+00:00,5oO3drDxtziYU2H1X23ZIp,Love On The Brain,224000,87,True,4UlGauD7ROb3YbVOFMgW5u,ANTI (Deluxe),2016-01-28,5pKCCKE2ajJHZ9KAiaK11H,Rihanna,2025-12-22
2025-12-22 21:51:50.069000+00:00,7bNgXJ9MgGG7xOkyz9SLOY,SEQUÊNCIA CUNT (feat. Clementaum),130153,65,True,55dQeTyxDtzrixKmRhhG02,SEQUÊNCIAS #1,2025-11-18,5wbf52LA6kcaboHSN6NEF1,PEDRO SAMPAIO,2025-12-22
2025-12-22 21:49:38.680000+00:00,4sP8S3OWKfMu9IEtX1sYkS,Exatamente Igual,197105,61,False,3N9ANUKLXnxmyff9xG9UqB,"Prazer, Mamãe Noel",2025-11-20,6tzRZ39aZlNqlUzQlkuhDV,Pabllo Vittar,2025-12-22
2025-12-22 21:46:21.987000+00:00,5OsHak3nnpM0Bk9rpp75bz,Date,138181,64,True,6dBzVe7m3AVW9spgDONHTB,Date,2025-07-09,2KbGxTODNjsDa9DZgpC6rZ,Nêgo Jhá,2025-12-22
2025-12-22 21:44:04.946000+00:00,6GmyQws2xpUFIN5dXBNTrl,Dia de Fluxo,133610,62,False,58jzd3ALDliyTUI5Ke8jmS,Dia de Fluxo,2023-12-18,0uGWkZRPp1Urk77XBrPBsZ,AgroPlay,2025-12-22
2025-12-22 21:41:50.128000+00:00,7L9AtCgNka6hR5HQ0y0aR0,Lugar Perfeito,152078,54,False,1h9SJU080omTqqqDf68qc9,Ensaios Da Anitta,2024-12-06,7FNnA9vBm6EKceENgCGRMb,Anitta,2025-12-22
2025-12-22 21:39:18.684000+00:00,1V6gIVSrMEJCRyogBnIrNr,ENSAIO DAS MARAVILHAS,176000,63,False,0WySBFNRnQ1HeXUHckbpLw,ENSAIO DAS MARAVILHAS,2023-02-13,5wbf52LA6kcaboHSN6NEF1,PEDRO SAMPAIO,2025-12-22
2025-12-22 21:36:45.596000+00:00,35mW4430YuebgaG7xjaSBH,Macetinho,124444,59,False,3OXwFLBHir4SknLkdVjPIY,Macetinho,2025-02-21,7enUn7lrqdOJ6RuyyxfrsT,Felipe Beats,2025-12-22
2025-12-22 21:34:17.516000+00:00,7hPSlGAChIcqAbBXFgbcdq,Penetra - Pedro Sampaio Remix,150824,49,False,4aj7OO4L022IGAz5zbQwJZ,AFTER,2023-07-27,6tzRZ39aZlNqlUzQlkuhDV,Pabllo Vittar,2025-12-22
2025-12-22 21:31:46.852000+00:00,1Xsn5gdKQXTioPfyazGmyI,Tudo no Sigilo,116307,62,False,263TaY0kONQW2OFeyHiDHW,Tudo no Sigilo,2025-10-23,25OOXt52LeFqr5wwv5cYcI,Jhow,2025-12-22
2025-12-22 21:30:39.847000+00:00,2gLUZtZN1gfercLP9guft3,"Desliza (""Ólhinho"" No Corpinho)",146560,81,False,3FjxQlpQrfjpwIcb410U50,"Desliza (""Ólhinho"" No Corpinho)",2025-05-16,7KVJCU4z5L4EUHILL8aMxR,Léo Santana,2025-12-22
2025-12-23 13:33:42.746000+00:00,0ByMNEPAPpOR5H69DVrTNy,Don't Stop The Music,267080,85,False,3JSWZWeTHF4HDGt5Eozdy7,Good Girl Gone Bad: Reloaded,2008-06-02,5pKCCKE2ajJHZ9KAiaK11H,Rihanna,2025-12-23
2025-12-23 13:29:14.291000+00:00,0BxfFnk0YzONqvmrkO0QrB,Don't Cha,272080,75,False,53zV9rZ5yfWgigsmuJtYpG,PCD,2005-01-01,6wPhSqRtPu1UhRCDX5yaDJ,The Pussycat Dolls,2025-12-23
2025-12-23 13:24:33.627000+00:00,0SiywuOBRcynK0uKGWdCnn,Bad Romance,294573,86,True,6rePArBMb5nLWEaY9aQqL4,The Fame Monster (Deluxe Edition),2009-11-05,1HY2Jd0NmPuamShAr6KMms,Lady Gaga,2025-12-23
2025-12-23 13:19:31.773000+00:00,76FZM38RC8XaAjJ77CVTNe,Into You,244453,84,False,1QRP5lutJodPixU2EWfnD7,Dangerous Woman,2016-04-01,66CXWjxzNUsdJxJ2JdwvnR,Ariana Grande,2025-12-23
2025-12-23 13:15:20.899000+00:00,6D8y7Bck8h11byRY88Pt2z,Houdini,185917,82,False,1Mo92916G2mmG7ajpmSVrc,Radical Optimism,2024-05-03,6M2wZ9GZgrQXHCFfjv46we,Dua Lipa,2025-12-23
2025-12-23 13:12:15.159000+00:00,0TDLuuLlV54CkRRUOahJb4,Titanium (feat. Sia),245040,84,False,4bTjdxhRRUiWfwj200f9Kl,Nothing but the Beat (Ultimate Edition),2012-12-07,1Cs0zKBU1kc0i8ypK3B9ai,David Guetta,2025-12-23
2025-12-23 13:08:30.844000+00:00,7ySUcLPVX7KudhnmNcgY2D,S&M,243600,85,True,5QG3tjE5L9F6O2vCAPph38,Loud,2010-01-01,5pKCCKE2ajJHZ9KAiaK11H,Rihanna,2025-12-23
2025-12-23 13:04:06.356000+00:00,4rYLpaNFzt6pkQnrCvVHUw,G.U.Y.,232666,68,True,2eRJUtI7nXrQ5uYQ7tzTo9,ARTPOP,2013-11-11,1HY2Jd0NmPuamShAr6KMms,Lady Gaga,2025-12-23
2025-12-23 12:59:55.858000+00:00,7dZ1Odmx9jWIweQSatnRqo,Million Reasons,205280,76,False,2ZUwFxlWo0gwTsvZ6L4Meh,Joanne (Deluxe),2016-10-21,1HY2Jd0NmPuamShAr6KMms,Lady Gaga,2025-12-23
2025-12-23 12:41:36.450000+00:00,2H9CKpZiLDF223BbwehpDF,Hush Hush; Hush Hush / I Will Survive - Medley,252093,62,False,760FDehnzYHkDsDqfE1KkU,Hush Hush; Hush Hush,2009-01-01,6wPhSqRtPu1UhRCDX5yaDJ,The Pussycat Dolls,2025-12-23
